,Accuracy,F1-Score,Precision,Recall,Train Time (s),Inference Time (s)
Logistic Regression,0.283,0.2773876791962807,0.282736090372412,0.283,1.2075538635253906,0.009007692337036133
Linear SVM,0.2895,0.28070421996968126,0.2898164615676271,0.2895,167.4209017753601,0.008992910385131836
SVM (RBF),0.28,0.27637296988488225,0.28309981802193857,0.28,7.739712715148926,6.840887069702148
Random Forest,0.306,0.3030771590550425,0.30597406359459794,0.306,0.30538511276245117,0.028627872467041016
Gradient Boosting,0.2805,0.27675582326267795,0.280300029657439,0.2805,35.563716650009155,0.023512601852416992
K-Nearest Neighbors,0.213,0.20808553660682524,0.21640690791394618,0.213,0.005999565124511719,0.18605303764343262
Naive Bayes,0.1655,0.11796379843533099,0.2424372023641011,0.1655,0.03200125694274902,0.16307663917541504
MLP,0.252,0.2491855291127314,0.2513850931157209,0.252,10.50978708267212,0.006000041961669922
