,Accuracy,F1-Score,Precision,Recall,Train Time (s),Inference Time (s)
Logistic Regression,0.482,0.482501737227526,0.4840283009975517,0.482,2.413264513015747,0.023000717163085938
Linear SVM,0.4075,0.40848777017303367,0.41214827080600624,0.4075,802.6965074539185,0.014000177383422852
SVM (RBF),0.533,0.535776221927901,0.544595495160811,0.533,10.918500423431396,9.914803981781006
Random Forest,0.4795,0.47367837812784264,0.47307838875504765,0.4795,0.7468762397766113,0.03002166748046875
Gradient Boosting,0.524,0.5226787580595796,0.5225142761686088,0.524,792.4155213832855,0.04550886154174805
K-Nearest Neighbors,0.3505,0.35264234507555253,0.37947951022643533,0.3505,0.011001110076904297,0.3624684810638428
Naive Bayes,0.2985,0.27046150366984734,0.32144564660702263,0.2985,0.06801629066467285,0.27855443954467773
MLP,0.5115,0.5104617860104109,0.5103180608189328,0.5115,6.89409065246582,0.008999347686767578
