,Accuracy,F1-Score,Precision,Recall,Train Time (s),Inference Time (s)
Logistic Regression,0.4575,0.45731165755018893,0.45853280194903145,0.4575,0.892432689666748,0.0049974918365478516
Linear SVM,0.467,0.46507696935493215,0.4648008766522319,0.467,192.68509888648987,0.003984212875366211
SVM (RBF),0.5215,0.5224951722475355,0.5269152542885304,0.5215,3.1263880729675293,2.661694288253784
Random Forest,0.471,0.4696422467899153,0.47164697688653695,0.471,0.47556567192077637,0.028533458709716797
Gradient Boosting,0.4975,0.49639403649430835,0.4962100695095469,0.4975,235.30754017829895,0.024002552032470703
K-Nearest Neighbors,0.3875,0.3877120859849931,0.3925198472200659,0.3875,0.002001047134399414,0.32050061225891113
Naive Bayes,0.2645,0.22949346035707252,0.35425865562434355,0.2645,0.012006044387817383,0.06299591064453125
MLP,0.4845,0.48438055527994683,0.48572170444772145,0.4845,2.5577569007873535,0.004000425338745117
