,Accuracy,F1-Score,Precision,Recall,Train Time (s),Inference Time (s)
Logistic Regression,0.4445,0.44403634941847,0.4441548935091673,0.4445,0.6766047477722168,0.004000186920166016
Linear SVM,0.464,0.4617507107522435,0.461118443507289,0.464,158.00555086135864,0.004985332489013672
SVM (RBF),0.4985,0.49924540828587843,0.502456685241365,0.4985,2.900860071182251,1.8439409732818604
Random Forest,0.453,0.45113195162161135,0.4509207555196528,0.453,0.5063948631286621,0.029022932052612305
Gradient Boosting,0.4695,0.4690337085227028,0.46978667140143376,0.4695,266.027713060379,0.024997234344482422
K-Nearest Neighbors,0.3855,0.38547771077146353,0.3909174258654586,0.3855,0.003998994827270508,0.09952473640441895
Naive Bayes,0.2935,0.2629560230952773,0.3581782209989465,0.2935,0.015997886657714844,0.08151888847351074
MLP,0.478,0.47759328658860933,0.4781405532034201,0.478,2.5675387382507324,0.0030002593994140625
