,Розмірність,Час (s),Silhouette,Davies-Bouldin,Calinski-Harabasz,ARI,NMI
Custom CNN,256.0,0.7469751834869385,0.21557149291038513,1.2257054463675643,604.9025190141765,0.07320095994243998,0.13770597809798377
Autoencoder,128.0,0.5852024555206299,0.06901134550571442,2.495290879017903,98.09212261770138,0.055459727798361495,0.10630851725301116
VGG16,512.0,11.927114009857178,0.05171443521976471,2.9257393363317763,59.02751654271035,0.049616563665703974,0.10906808048374537
ResNet50,2048.0,10.401281356811523,0.08693431317806244,1.9859330331534224,207.35819558371062,0.02098619610161576,0.05746930500967181
MobileNetV2,1280.0,3.7808756828308105,0.12213361263275146,2.2085579443401455,107.34955185378837,0.020996463335426607,0.06635792654564276
