,Розмірність,Час (s),Silhouette,Davies-Bouldin,Calinski-Harabasz,ARI,NMI
Custom CNN,256.0,0.7074625492095947,0.25414350628852844,1.248145133463593,1224.2399979611464,0.3047539127296937,0.46444572210120294
Autoencoder,128.0,0.5607490539550781,0.2442844957113266,1.524606550780989,453.71448406117423,0.33490531873756824,0.5182971679271067
VGG16,512.0,14.393263816833496,0.18002425134181976,1.7305488001080516,375.65459405963895,0.3001637281286461,0.45709859983127027
ResNet50,2048.0,12.876866340637207,0.20688913762569427,1.457210940968996,486.8442226165221,0.25735979608443005,0.42271718994379837
MobileNetV2,1280.0,4.541743516921997,0.2731472849845886,2.0493720224362346,213.23340780866653,0.1646040504128875,0.30980049000959303
