,Розмірність,Час (s),Silhouette,Davies-Bouldin,Calinski-Harabasz,ARI,NMI
Custom CNN,256.0,0.8026881217956543,0.23867924511432648,1.2936489882538982,684.4275830976857,0.4388453748270546,0.5698790973009418
Autoencoder,128.0,0.6083323955535889,0.1395796239376068,1.9231734653590482,187.6607067752891,0.34400495212628057,0.480307064305888
VGG16,512.0,15.009414434432983,0.14323574304580688,1.7301956085216124,267.7101061051475,0.22001587822175156,0.348468121857406
ResNet50,2048.0,12.886447668075562,0.17071929574012756,1.7005422125511067,503.5746660102876,0.2011038845163464,0.3412716316348117
MobileNetV2,1280.0,4.978575229644775,0.1526801735162735,1.7032769836778219,328.09016294205094,0.16302990728165573,0.2896218389928608
