,Silhouette Score,Davies-Bouldin Index,Calinski-Harabasz Index,Adjusted Rand Index,Normalized Mutual Info,N Clusters
K-Means,0.6890195985378648,0.45953903984564864,4268.538497919277,0.9227760682747311,0.925541267318033,5.0
GMM (EM),0.6869583901829102,0.460073666802767,4219.980636090506,0.9337422653782154,0.9364558998947395,5.0
DBSCAN,0.6114847966221761,0.43819282916392704,1075.3673447708236,0.48108576378862256,0.7424834172925042,3.0
Hierarchical,0.6681396222129765,0.4903351528362821,3991.8470453968857,0.8906682099879604,0.9187766166452886,5.0
